Risk,Liquidity,Income,Expenses,Insurance_Premium
49,6210.738546155216,35835.73944001849,38191.49336494219,1115.1633929638656
27,7254.099960966762,62407.79295933616,33984.96641338336,611.6064698419545
91,1570.8879668292802,68339.71224980774,27650.05693609092,1201.698608476049
87,5785.493978806843,68712.36761316916,28988.489613252066,1140.9143228140304
38,4379.628078984335,59597.675333444495,48997.0908739466,809.1163788924731
15,2915.546508997775,32498.24281307937,21311.451001878686,774.3741923298533
15,2424.627712521593,62045.84885901194,36916.74428108768,528.1686056905357
17,9442.240801427783,44197.478228368374,30744.859601850883,673.04859251473
68,1270.8405164284277,44164.70364363844,43917.78188083375,1263.7521066239747
84,4878.689638547641,35902.78466469204,34676.38053265035,1460.6078467582927
41,2312.211875017214,63192.27129617272,32498.713722521017,764.0123688307499
85,5409.558746900426,60074.763611158676,47704.74541197357,1265.3188063898317
1,3019.249411920614,30557.648504044133,41781.0692388497,714.6704756165046
6,4736.555541309998,34408.27244598817,23197.910572756053,661.8282295518363
98,1343.2468911567767,33036.63569680107,29506.69675567658,1631.437498843235
8,4105.956082127945,33034.5151292935,23119.294019379395,698.4829503545635
95,6327.166311003708,38183.668985943645,39053.717966082826,1553.6886324837935
3,7992.100230454897,64394.314514237834,42746.40790262059,374.3355774132089
20,7672.956157805737,51706.61041103365,41590.4741973998,669.3405376928343
52,1984.6145024145108,62947.23144242078,40895.3093816845,903.290541208773
12,5583.310982827853,54116.891610475825,33544.142333079,551.5469559803394
27,4175.039702874368,44081.671320495865,23602.575866545558,779.1158158803063
11,5900.522172219758,52450.47909884837,37399.65671309813,568.1915682897119
30,5630.00997891567,52729.27301303306,23091.767253551796,713.8325217357465
98,6334.6166449326065,63279.14851404138,37244.87012021063,1327.270041995555
60,3944.630562666039,68498.20193206589,30090.27452433762,885.5656514390238
5,1600.7525174524512,59199.51997101494,47224.230475431585,491.67372912888305
9,1510.8865229148928,40539.33148291567,22930.68683321076,645.844313055901
11,7156.694618478076,58215.0892544762,31002.53229357936,485.0732312435856
56,3657.5215626197346,33619.12549711897,30621.95745009306,1197.3870095659909
36,3562.4538708461014,53978.611334227506,36266.04695133508,811.1997581574998
31,3376.293474228604,38851.94518774447,46050.206897392665,942.7497014435902
54,1044.6732189082747,33880.382373981854,38963.49222770873,1212.8632868487664
79,9252.285711307202,60296.5086020661,46792.663551616744,1181.1514760776531
22,9357.605430482163,36332.63269728437,38172.153988747494,824.4021078409879
26,1935.3508898311302,39227.04396909235,40253.18350017164,878.8123563604358
89,6626.516559716748,55180.914703234586,47688.61485322327,1348.12411472874
62,1045.0783015817046,33494.6191706347,41033.34213089173,1302.9284431784195
83,2607.07604988973,61653.22758039945,46964.748853144454,1241.3265905059902
40,7616.791671478645,63093.32533269495,23567.797739137,701.6861815330683
92,4779.065455306904,68096.31985887067,24867.529857121535,1189.7440637061234
44,9384.16039437548,37068.3736857512,46589.61476233126,1062.1643054576043
97,3515.1448732426597,31501.207518552605,22245.651701649706,1604.1491555532098
64,9248.03806937465,42068.46602313676,25434.458218041895,1149.3785240758848
21,5373.029622211982,43252.355278651536,28392.184226464524,735.7878517818183
77,6102.454857203106,55780.53790833165,36820.60376894425,1192.1441579375005
89,6081.537747200128,66111.4735630943,43543.27897773929,1229.1074125662742
100,5946.384161494735,66739.35277063996,49776.45751013092,1352.2039240165193
95,5237.857729455557,38249.30960817398,48237.89229509342,1586.0312921562627
80,2521.1843977866783,53927.91122479255,47870.36341442449,1291.7260560064146
54,8105.3060289167215,39225.70702874494,24657.643440377047,1081.1893298890982
83,8902.029971761509,53175.23248361415,43762.7867577694,1285.025885578359
92,4195.027829858748,32945.70104424042,27956.591108531444,1553.4376237338965
29,1302.4497149093659,44252.39640019236,48569.54140407582,886.672411635757
82,6462.702238620059,32023.326222073683,44370.12290567873,1500.563595303199
85,9125.030136308038,56039.2805737513,30470.274737965636,1235.3928677948438
51,9925.955284565016,42498.538609710755,42834.815065583054,1063.8892826768167
71,7677.8044788259485,50018.19220444893,30353.614405498876,1162.4898987778774
61,1787.7196350030608,34384.166365003715,34178.22192133434,1259.7544039389504
1,7676.698576326157,58231.009543685555,25348.634511888384,365.3523152171788
7,2297.2862151204326,32827.48133234892,28984.588491739036,717.1925210761258
50,8415.816310838378,64867.98697305895,37777.65167321083,822.5740037348512
70,8870.679618030905,31798.718327668616,30573.45095149795,1329.3797714876532
96,7575.029397090339,62377.168604751234,27864.44246560464,1281.94649436385
60,5336.3844406704275,30810.641782043855,23142.340765464356,1234.6386822726024
38,4107.730252184385,46294.01664785092,40129.01102426902,916.9082153333761
56,2391.2099880904234,30922.087800487036,30263.29215051975,1229.6129485062365
94,2872.6593914942473,54789.62101495423,42007.16600261214,1403.7619909008229
2,5915.741325099415,51238.83218614862,43050.579748014025,507.1847107570588
46,3370.93821221143,64346.65204244447,31150.810501720945,793.1312200196611
39,5712.3576905687105,65783.33142103028,37315.82053159282,715.5523589316322
20,5300.363698635178,63923.20224731262,35275.79470487999,540.0935431483377
40,7354.700806225625,39998.05947678965,48560.01441993146,1008.9259444607698
67,3676.747443301644,66489.34223880446,32109.258683297507,983.0506164453398
93,8957.176315290806,63811.451285492585,25324.579312544043,1223.0733435062523
99,8440.042144961877,40290.08542544689,30309.978808196043,1535.8288714453097
71,3414.119221584445,62513.92839378123,22693.705763898266,1035.8712372459604
52,7359.185411738817,36468.53173273297,34726.13431070251,1122.6971585460838
21,3183.845278371394,67564.5950545975,24541.750869311785,492.06007567010334
81,1771.4924347943775,62069.64353982489,47334.76235589379,1222.4503894954605
72,7858.914716164092,30330.54555616497,30887.69379206557,1370.0630522337265
26,3603.636340034569,41278.441024041385,36650.17917369111,839.1479455804866
64,5425.416005986774,54360.389853367815,44283.53987321195,1102.1196410560237
32,6761.837165982431,49594.314288870875,21387.56886441529,754.4103778746249
31,7755.344253722574,60542.1189575362,33402.59265137058,666.0098671101368
66,8551.619030433296,36196.19754709957,22121.41387684463,1221.6441710073716
7,9731.641755564133,37556.90958469367,33976.347890423196,647.7017390465122
68,7891.386698021146,38329.38189844256,39721.786166764636,1276.4146060257626
93,5434.802659738199,48003.856913582815,41459.4894114245,1447.1658857997543
6,6574.857408273738,50851.73090412593,32653.837072578775,516.5699151351083
48,2103.390117332333,61889.68076881763,22108.571629304948,816.911956613077
37,9675.832991489,36170.060100646304,36282.69379000756,968.7683154061145
100,2150.2072329146367,41531.92262897102,47342.617784468865,1615.957590899123
80,5196.2720678659325,61964.084703009365,38519.882207225135,1169.937439252252
27,4204.675307224984,60978.987364556844,31048.314017937977,632.3316918721205
3,6874.10647361411,55047.25907337334,28493.417571082835,430.63712961144455
11,8825.484829289904,37411.92247283864,38263.21904594591,706.5430082630018
79,5612.132693715138,35635.28540131733,20652.51531982755,1367.5440284777335
13,1706.001506509638,49747.23625484768,43519.68674836805,654.5566901640791
42,2974.252372846765,50845.337650333764,47448.09526506341,939.0196474276186
7,4040.420671039152,34841.652095192934,29255.50381354524,689.1478871335107
74,5044.540743278408,55682.931647195786,25076.473292968072,1133.1773996905542
52,9295.536677226846,32518.52844448846,29107.383495221497,1135.6591826546457
93,7031.930136284171,59271.15084594916,49018.879943601496,1349.185480689892
8,1490.5418060330035,59328.841486779784,34625.04236259306,483.1340031898163
28,8644.700585297584,39194.03182361779,40336.23348748352,865.8448792997846
51,8059.224153757785,40706.94776419131,20907.87548060835,1025.3580280311228
2,3950.9363755237155,47406.26430041779,40241.12321549545,546.9060447646898
64,9752.288758329621,45183.474619216024,33096.20102898921,1138.6924131031592
61,6143.322684413598,36607.260163246414,35402.94921047875,1219.4196325769042
64,6897.03889096632,54750.75493163454,44597.92909184473,1091.8010435043573
84,8476.855168219736,45144.971107032354,42203.23156568657,1372.7757077856375
57,3184.4939104405757,65834.6919721473,43809.41936727961,927.1588688281629
89,6063.4718144793615,48549.022912887885,48310.53559215383,1419.1240185751858
30,1543.8497377902129,40337.360980573445,27675.970568865287,871.9350532119104
14,8342.084905490068,34764.80662267636,46957.67903782423,791.5145463592588
16,6189.988289847678,68044.82510607102,23699.21305765163,419.6994466630063
13,8073.2212483078065,40036.67660016834,28173.33819826613,673.787142351576
48,5862.633159015097,49220.01078935766,34080.65361113974,960.728687144767
35,6851.416617159377,67758.67002058149,22142.240056605788,604.5829368782056
63,4678.642884625884,46846.795895130046,24192.44201994944,1110.7161526854184
8,2521.093404292038,55936.68043334877,45526.134874292955,544.606133267931
75,7592.904361212476,32409.05798855865,42892.69041103903,1416.6229695414684
11,5340.770066195885,56463.60635307139,45198.31762774887,554.2550390215533
42,3777.921043621103,66808.79993091922,48960.54019450502,779.9040160562173
33,5057.908286466063,63551.40614677634,27841.436911192814,652.7207078334848
39,6039.25082022779,47055.55698137876,39274.84099814782,907.072699079517
31,5589.944296610645,61985.375875898404,25077.361872409205,637.4286053751903
61,7780.795507932109,40080.76064414969,29904.781185940825,1160.0027595766653
42,5516.196944472529,30701.449125853618,28725.346507191938,1071.5805635406768
53,1100.2118936700078,62978.91653250396,33435.77804283706,895.0171093351215
25,4324.058036172348,66622.9930215519,48385.01295140885,607.3048184578458
29,7344.59751389131,36458.07658350261,32120.25711195554,885.0570179313839
3,4573.722980248836,42858.724068555144,45283.42676697456,614.394424714128
16,3937.597434932385,30258.9799146183,33271.52018628959,837.536774238024
50,7233.137841199664,62522.23703895463,21886.276901274105,804.2707711082778
32,3410.486914616403,49595.804456913815,26660.496681512912,786.9710109023185
12,9897.004268436738,66234.86506255911,29961.789451156248,398.05169638569384
84,5564.660127537235,51477.776022779915,48348.741835449764,1342.4451646408643
17,5832.140812157981,55516.60690665705,48502.36062739375,631.180308754821
6,2220.2848155662905,48762.14799418888,49461.4198193509,609.6613554383324
79,1924.4506041199072,36659.160911199906,44754.66998744623,1448.05014782974
9,3944.1489495144665,46068.776315698735,22020.86183318514,575.6540775949958
29,8622.776640752034,61717.0388277201,43767.4321838999,661.0180250707384
34,6861.649575469896,54887.94839509204,49190.033994442565,804.3823701550579
13,7245.670213927623,69633.5180886567,24981.615881972422,372.38131568971215
86,7216.170148410161,47738.486397506,33821.595085055196,1347.9990705380549
58,3620.902794953898,34110.28676515143,32589.450404420026,1218.5609695869762
53,3346.2537692088063,55728.16513128719,44527.03395383115,989.5681817025776
50,7534.114537510626,64942.61111778761,38665.82173752258,828.9007813471384
27,7183.119358180481,44969.06781389335,25686.248701389803,761.4524711743336
72,1757.0388364951,67551.96266977338,25751.91167451688,1012.9509141433413
12,1732.2389990781614,46831.93346540692,38262.5435795277,657.8071010891231
35,8738.800138756465,51779.24171028123,31081.3432856745,781.7576120604289
59,7726.777350418743,60867.370667347146,34756.946242086655,946.9632453006948
13,7944.376725149554,53076.45395035334,38914.84856352654,576.2581225612985
97,3953.3626470495333,30718.936328219814,39754.8622958056,1662.308410369971
36,4403.5156437775695,67969.54568390144,35739.46668311337,665.505364991438
89,1702.9932619411525,37015.73029293125,38655.616545505894,1527.2945803974994
38,9644.671508120337,43396.785115906685,34013.37454289144,899.8489149290058
6,3721.678451925648,65120.625970643465,26316.281799858327,369.13419343351205
83,3527.034565178004,33179.624804067666,38098.75041926613,1494.8648303912314
23,8928.373106674657,40634.963899238945,20129.70139190543,739.3975996499537
24,6776.728998771541,53711.62940459048,22481.756579986275,636.4453307001963
71,1480.389124275172,63488.53101302996,48018.94175807268,1111.7695695225425
82,4465.549914837438,41789.866493782865,42532.64764353579,1407.3715284185914
38,3179.281806501272,42467.16931944419,26232.35949769563,918.1289762661386
77,9936.612126082313,35532.094904843296,38467.39894860239,1380.3981871669625
2,8412.976768231023,65472.63598115418,28860.804266275845,309.7911691461306
43,1382.190951349321,35084.84780419556,34271.84602661274,1075.056105281136
37,5049.466389071182,38468.598546756744,28745.4635799545,946.3030733269402
62,3335.18271391655,39842.975081322045,22036.17245184084,1171.0028529727194
67,8839.815967187616,55324.00404053388,26088.463180442915,1050.8262693000518
36,4032.357592558834,47321.08737928551,32817.619399018105,865.0801964414048
36,9390.823993857237,53878.369349768676,33648.14285182817,775.2066150885115
79,6108.630912406811,64702.420698816066,41650.70930075432,1137.3847663520683
15,3977.571029690984,35729.147194761914,33945.74532256021,774.6579088716065
31,1943.5098232362993,44989.28762079189,24121.101219765824,822.752878335197
96,2069.2253775315153,30757.42382859295,46089.122798236924,1680.3470032211237
16,2370.1697363125445,62031.90450316167,33863.925910996135,529.421884019809
91,7089.816904947279,38982.301297925354,46097.00276470389,1523.0189107901215
71,6139.847367495941,41705.85737975541,28731.394852631853,1248.4363739228618
37,1150.041214385486,60156.387401383974,48419.539584226775,807.9445386669133
15,9779.728503092652,60040.24768508538,25183.468641776428,476.24928655901226
10,6541.584612844709,58773.355527689964,39420.72435472958,497.8206947230655
31,2836.253666724553,64030.424328732224,40878.21174654568,678.1491236186921
60,5739.885963249163,31770.907586009005,36029.46996870737,1261.6799042297862
84,4084.4150571286177,48447.9954248196,27721.45330834776,1318.2623303912042
83,3300.9525091581554,44301.813371500546,47292.69865762409,1412.355199712076
43,1014.2068099468775,62551.40507308394,21606.639999663785,764.2348352184176
31,5642.185874661951,35788.76630945534,22678.776056065435,891.9377357003332
32,3824.444601106334,43234.6018319413,31438.6228208291,862.8476271375428
46,8746.15993110275,59983.34552119297,40796.97496552776,838.8266700291399
23,6491.0781767276685,47705.8259710446,48330.268879081195,765.4771560431593
50,7754.078090297675,49893.721998533525,41574.732481519255,987.0165870077342
2,6222.113299968277,44172.41835447925,22560.9289670527,514.8480368565242
31,3312.9300475642813,36456.79744777945,24561.498067188746,902.5518694859505
68,4993.281851916097,61535.195420772645,32139.642451479973,1036.100563887133
13,6085.579715583329,47330.641080697234,27274.597100220537,608.0894819157726
58,2813.3451127118597,47772.14111723568,48460.69653397533,1133.5939528660099
60,5298.40870388022,49939.71949082898,34282.29814095058,1076.957655995161
97,4799.329338483563,50260.251230293725,22401.918578519504,1410.6065967402035
13,7418.988254860473,38155.674338893994,34452.30255928019,714.7052230145982
83,2400.6498986137312,57011.416012348025,42308.80910413229,1274.8090176958483
11,4510.135871645969,54933.58249392036,41914.731107260384,563.8576890243477
63,6569.1311546167735,60216.8641547622,35928.64001988211,1002.7716227389404
89,8979.586530366612,30203.22644615704,36289.23640302394,1551.9375120956681
85,6790.075028546739,51491.75979673801,29463.020029755877,1289.5210869791538
6,5895.200706996041,45325.46443068902,41196.080210710206,600.8575927902601
33,4873.135268294991,38342.47022339655,28214.47703240554,906.8530525217762
42,3235.2416160216785,56901.66108808936,32011.96888613105,830.8430876973912
15,2745.0978159054503,39864.37677023538,27024.0131181996,718.7027825727178
86,3990.573460592394,42718.4613486164,23604.967143283353,1383.677420640724
39,6043.23484876898,56287.76121662348,33714.608499257076,798.0500390876914
18,8019.676869329533,50065.738636184244,46983.12583429367,680.1936067943909
36,7083.842224864532,62822.02840198147,48846.79509318509,742.900890135418
68,5315.167580842161,55402.56615128576,36345.89931424081,1108.436198525654
87,3050.6663454823697,39335.22843262736,41492.023789478,1485.8704553147486
41,6987.161489893257,64473.46832763719,36670.86646147259,740.3421086585796
62,4881.542532967367,64432.43056922521,44432.711424722904,984.5661159170797
46,1500.6428096218715,38175.31199542579,44574.19072539704,1104.4662381738237
49,9221.347349220809,65711.94887380052,39670.08474374888,805.7840287471375
67,2453.802476868903,34623.53155799836,31170.604943491227,1305.0074868661457
42,1047.5494862998933,41163.27281014112,47119.30991656931,1044.4874542167972
14,2764.032980514245,30937.78697152471,24948.45349303527,791.6473258612875
100,8649.638208003842,44175.82481008631,31975.9373547764,1510.9213729234468
3,1864.6273345232426,35790.01776436113,42174.47020923007,689.3000963114628
89,5262.125613888604,52647.246847468115,38312.10654379413,1352.153223087258
83,7854.051080303471,35931.84431887104,37389.16025103051,1443.578782162864
10,7438.410916334646,52971.65780582931,38660.7082328453,549.0734920585696
26,3513.5790259915434,62817.72934555024,34649.68913061009,618.2038788063702
73,9349.503564370192,61674.35111293415,30046.298195679858,1056.647865635847
62,5341.596234419819,32499.537027365157,28225.26062641188,1252.972430433485
1,4727.760812106941,65252.66142144241,41462.59782495724,358.2223751999129
83,1539.355640634142,57616.83234366255,38096.58879690638,1260.424664750923
25,7444.2421598468445,34332.03276317734,22569.23952528539,837.1661801448485
24,8798.752412977086,55945.49654968609,22784.657890085535,604.9052461085103
40,5157.561213648125,60082.16540894062,22859.12803492596,741.9679239471311
3,5608.972282355572,59004.00457121839,28340.33897124936,396.9361097897862
63,6583.586238707406,55474.305754748566,27675.752907557817,1025.3662699816507
78,1185.9949520489704,45782.042456497955,48824.83314564702,1362.7241001117166
7,8112.372205118289,66302.37262386728,46143.055272305195,404.8435785526513
97,1329.9755153811702,64213.96815636141,24028.443860576248,1293.2957724412088
45,8673.207607847968,32354.15164087081,45364.86554555968,1119.187042188731
11,3577.0756122293706,65258.06936974069,31107.022831746348,432.8549967366853
56,2828.7536577557967,48689.6117164289,39181.57881655845,1076.5048509966073
51,5401.18048372106,58613.79851836743,36351.060602358935,905.9092942047972
24,2846.6860114879164,66221.72959242441,47399.97898748866,605.7492109807822
79,9045.89872578387,31794.299898542227,38867.10280733913,1443.4288158076758
7,3625.706808892708,32936.623631918694,28198.69386949601,707.1013112448375
75,1518.7807667655784,63919.53738766439,25736.673908215955,1080.420744014176
16,4511.8169161715805,54441.44995563054,29623.502258401855,581.8969226380423
78,4126.814614906764,30072.4739192077,26568.88248888154,1438.347835200034
92,9146.256192233475,61898.02080700263,29910.498252997266,1245.0200057277982
67,7164.388216952742,36745.290318207575,22360.300047144156,1233.806055874593
57,7292.645701079606,55347.9520776415,37007.4276492428,991.0795336659153
64,2295.1816716845833,39293.26459728794,24403.812125223845,1208.8028820443694
6,3241.371632602086,50045.62910223821,29966.31928064712,533.2358086565489
37,6283.788071176796,58915.162851436224,28625.00374646071,735.3044423691359
61,5551.310158855355,42607.430052421274,33751.336616429486,1157.423158530799
23,5439.8744108401,36021.45690345872,49215.356083452,890.2321271615684
23,2625.035964110132,56290.89971547283,38053.76258031493,668.127110765666
79,4217.085012718944,43290.80555824272,26620.990248068545,1315.8694900981836
12,5521.949301960592,37424.41052668963,36927.102814001904,728.9274566653064
88,6570.830460411385,68267.8329690709,31121.172249888383,1157.8310347568993
42,5632.7653757675425,52878.21255664829,47955.63254178203,906.9209451800257
45,7992.079638224091,37177.591250903366,31259.797254377292,1032.0430810629778
61,1405.1950327233767,61226.324663350344,27147.071481146017,972.1519926463177
47,2760.7172714333715,41867.16925295637,36900.97117443125,1048.2276346365632
8,3519.454042103314,69437.76389130575,31173.44571898259,361.5454280333737
8,6813.983611300559,42455.16566225118,33931.097592270286,623.1717180977962
41,1081.818590188495,55237.23202447221,43194.369757560606,881.8016960770171
47,2827.594758470248,41199.65553531016,27983.450752079138,1027.8158231107845
46,8103.155690901361,46606.871530938275,45614.671867622965,990.2595218389795
6,4947.488476691694,46009.54553300578,38498.08041406235,590.6613435286707
80,4782.271491476287,64098.62333640808,34443.65930441227,1138.4333870917746
72,3420.8654227433535,58166.74727498964,24181.230886906626,1093.7718927971066
10,5658.519636059939,59233.953236321104,22200.32068760904,445.9688315193163
91,3335.0757763208094,38057.79727908613,47380.991058144056,1554.8896215019668
35,6240.94106732382,31715.642414219335,34284.56223064222,1004.4925572131142
97,5168.344158948119,65660.34399933499,47529.16435231374,1330.1423322688506
47,4715.729381345028,38638.31467079067,42440.26606260965,1087.3590045731971
27,2613.8846171103505,60170.79579414438,28055.39760162722,639.3888117778861
95,8077.0244881645685,62241.71351686569,30340.823248806177,1278.2202121369385
10,5062.564381483904,50614.33318743744,48393.12755445686,613.7232288815766
17,2680.4640230818623,48373.153905633924,30516.715141219483,664.4162862519099
99,6018.855321333425,38138.30904349468,49827.82704532708,1628.0061140943674
57,1286.9624806328884,63964.75638524708,21448.03613200814,888.2617321403893
7,6434.89173840279,64436.475652999085,36511.15547233842,402.9942511950105
44,1590.7491046888072,68441.2405384866,24488.48227456274,721.0992959153782
2,9877.372951556405,62906.263111790984,20461.459722656153,302.93488329227654
63,2454.150300782682,43745.67000210393,28682.560635114314,1166.32023038039
71,2237.728789766432,66254.7978014838,32466.983733507797,1033.6643292368533
60,7588.857822503761,62364.92614467362,45100.8272571682,973.7089312122496
65,8975.053406481287,32726.843337534003,27593.236965356322,1260.6360104883227
88,5444.897430873535,36197.67111932661,25035.25019917207,1465.9045522498825
84,1073.8275372421745,66016.82050026538,24320.020716088795,1147.4227194594016
2,7140.977401970688,32693.54562280399,22258.44396219009,624.1349886486769
17,1879.8135946279858,64701.937700384806,26511.300234312024,493.1154557259482
82,8479.745791037458,60075.01089252809,48019.76534356667,1220.9104581502315
50,7511.687056337961,32924.46722947668,23832.185782350884,1104.693449770596
13,8822.753183392284,65799.59347421222,21548.775099960272,392.5366246407972
47,2247.1955695823735,47429.747093455706,49740.34936858155,1033.6875993232757
33,3386.323868848714,49081.77797892336,25696.032258501167,799.3386976420264
3,8428.545187444357,49922.56898712742,37321.3352004995,500.59558979300243
2,9883.467521731754,39487.08918109053,45665.188969335155,612.7073374884415
86,6920.8641311656365,37779.0484710619,24130.78527695912,1419.9975504644303
99,3348.5953777537866,40556.80765822636,33311.36426788304,1567.6230393326166
38,7555.981123971002,69118.49442612194,45463.072376184704,687.4243672474797
100,4039.655685145464,48257.456347307496,28061.92698940439,1481.4129390694109
42,1687.6317507450972,65623.92628171452,42065.701434323244,781.519682732099
31,2688.2499603239944,44708.14772092801,32781.93920004038,847.823090589221
15,3344.536465402547,39537.41359665685,27294.633219920714,719.7870813661809
11,9529.720380464076,67231.75592603501,24010.756216074256,362.0661074855523
51,7932.953001794788,46984.98071678177,37680.743335822284,1013.5276578306751
100,7911.944496040989,42630.43573023274,31748.54274052826,1529.3815484390525
1,3240.187578378819,53411.42867301003,23896.231424124133,431.373469650378
10,7914.102507213229,58616.50582835807,37857.82034008838,487.83789020061823
58,8115.517765420863,55133.56532969908,35081.32663002275,993.330737765973
8,6221.316343471079,49754.370140589475,24749.73477827773,525.598921211583
62,9861.175471352612,39719.28344570064,26950.69541458107,1154.3533744299737
54,4496.530191049438,36719.7191108345,39824.20340150908,1169.7927681409349
62,9077.30681359114,67350.80095562543,45252.16074374487,936.8619386070247
75,8388.267845692113,47163.099969332936,39719.92423622654,1255.5874337868897
37,7753.52072559613,44045.464474877444,42401.0574482973,917.9809239681368
41,5325.093116890591,54386.3570838395,21726.32002229221,804.6899236440286
82,5323.866470877089,42130.048314455096,37889.87512084763,1385.7498098636065
38,4671.603219183792,35546.99938817215,46509.72956077672,1040.7011787046897
6,2543.5542263774782,54448.65025538282,37622.19767032597,515.6623193252624
10,9822.44718206812,67259.70481234396,22961.803451911197,347.17612632195335
58,4223.281964392016,58397.54912871086,22803.724259576255,943.31927166966
18,7171.492177505671,64605.82158371172,36909.34474987238,508.81235752497173
76,8695.463808966997,43138.918769801225,46392.53135350911,1324.31108731768
39,3583.783567671017,55950.99478846812,20796.000060680333,774.9591344590046
68,1674.7705944375732,37170.07159197473,25453.14128116628,1276.2848549515636
77,8289.467186134949,47682.07225207855,23276.384100038005,1221.5610938486536
28,2545.4364339459466,69848.71706715137,20254.750305024827,529.549898073831
55,8633.368503356105,34158.43366944798,28358.083516016854,1150.3230713367902
23,8543.285539201268,67203.25745160771,24888.307720626184,489.91592094979507
49,6571.443034382547,65198.48009007576,33987.34244440321,807.1200112605394
43,7035.535672765591,37946.684797817565,48237.66741810202,1060.0684759123026
52,9958.407136610294,55424.529815262984,44128.54828900017,948.3483110313193
85,9656.345491526348,41872.18296183557,26886.757147697885,1363.6567143671061
74,8107.89292664056,61433.431505878354,43861.27090160837,1116.7100330128387
2,5741.806935830751,67403.52765522533,31906.608622445994,312.9755146359309
49,6250.015836714886,55708.353097263825,36755.68490442777,911.9334445570706
91,1191.7918931483066,61444.36767923283,45232.60075154397,1325.295165996562
74,1354.2182083473913,65079.65062388747,46373.21069393832,1121.5520348012033
45,2229.221909275458,57480.18733737657,42966.65555439141,892.9519837430312
19,6436.37533860049,45825.91382487892,25090.81059734132,674.8314168502322
79,3750.721303796028,58222.455302213944,24789.99764260028,1163.3918333866814
92,8941.39335859795,36824.46567283597,35167.75584969304,1512.5516440277295
74,7996.012461264146,63875.253999266904,31562.745814578302,1055.9556351447452
81,4532.831498965725,52451.39544617155,35939.42453967301,1270.6401616624748
61,5582.619233885559,31655.001059119524,40821.693075277246,1288.0019724652088
24,2680.9779137962278,49015.648244672455,42650.18883056157,764.389194475979
31,1483.1635841378843,55365.790317735955,39186.856737339534,766.4868491139696
54,5278.362071273545,51763.99674081616,31590.40319125335,990.7394318092308
89,2188.165080414082,37264.25555685512,37736.60959651305,1519.6264478189175
37,1001.8559281709912,67244.63032005509,37625.847125281914,705.42195853444
31,1121.0681636051957,64263.47081205988,31137.852700464882,655.1735091627698
1,1132.2139122017704,66287.6963821823,35465.59142335373,347.8587408872294
91,9048.56990300686,65471.96005816463,41910.74693054027,1235.7697906949402
66,5573.982413138825,59168.495821632765,36877.63168353174,1051.0780247685734
25,3669.7466961252003,55339.95938880014,29561.225414505956,666.9353488748906
50,2346.07025005005,64893.761100189724,32659.72395719057,837.3112096194241
69,7691.775047630881,65360.67789929442,43602.777233913774,1028.7426774706428
24,4874.416732945221,49327.18262731009,45052.95138133822,757.5149442061877
6,8566.52046793044,43568.277003474745,34205.26468745372,584.1004216879614
94,3121.832390857161,50493.18200918686,35011.07732025306,1424.4922499146048
57,5270.805113997629,35400.684687333494,24365.819458539223,1162.7365859322945
36,6448.737339549979,39200.3408324018,29142.448673846644,923.1802509997722
3,1538.1523825767213,54540.4443241261,23746.061333476995,448.1429788462863
96,9294.929042756832,33967.552812143025,39243.63764567153,1591.5807396018001
96,4170.952233512333,57594.0924724826,33029.36119045122,1362.2923976789662
39,4322.343367456178,56554.771007193216,42025.993993001,828.9185550697898
64,5212.676905760217,41540.2201456225,32335.42818911637,1195.5406985823229
31,2660.195499437774,34804.217083536176,29868.083543937217,938.2611022992611
70,8249.817231779047,60349.68870709985,48149.6064714221,1099.7028461843727
48,9254.023096196652,51581.961144310655,31312.45974379882,911.8476523073066
30,1726.1641050208782,68199.34184279191,33327.31978588081,609.3577204046189
79,7437.133212963932,30062.350290137507,47565.55419053199,1494.887493605401
3,5642.333177398377,69226.52245624279,49115.2544739376,356.86887297239304
77,2343.1567564585257,45346.62725851537,30118.56169752716,1295.1736287251351
60,9445.804403161668,47998.34398916038,35007.12988879981,1077.8089277589872
2,7276.184530717128,60371.806868488944,22939.506271832455,348.71952747702227
38,1607.6247956928346,68627.87554655886,32361.729979166757,682.7683104934474
92,3809.362603302741,45526.34370617459,21046.743749976886,1408.829981171671
67,5348.256448031038,41820.20290055705,34700.143676647145,1229.1571197842159
11,9938.029040857205,53298.82923664625,48991.81972382458,574.2970216007252
18,1726.6790104133347,37015.44248786189,37569.66422641688,813.9211727485651
89,9459.204319024326,55496.9458208969,32239.26512022825,1284.452315556594
2,2493.0934653921004,64227.19328411863,33390.69309597999,365.43467911979315
72,8558.77642508763,35014.78160556515,41185.016862999735,1350.6133524079096
64,6498.158568813669,42819.219373497326,28237.311624563896,1164.02894829465
84,6290.774758063379,56831.32535092412,29493.56067466593,1228.7135547244397
85,6934.443086117929,66744.76258747357,20731.490365711288,1110.0746297918085
71,3262.3792839068406,48155.97990438498,25201.274446013194,1187.7321278746556
83,1059.9465067227427,67550.95079596736,23309.91941740766,1119.1205177589356
76,1509.5874516022313,37707.47712137556,39886.65128791724,1395.037245391985
27,4580.418822185441,35230.62170752509,31886.200608117033,890.4502906381729
80,9211.037992412055,61381.69277438191,36281.670615444724,1148.972894140455
89,3895.213409033417,51992.546415384786,29258.308516163383,1338.373394349475
56,7923.995964757331,49134.2419190473,43008.33566833171,1058.0626079907354
51,6969.056751012272,37974.91762921575,44355.82471234016,1128.4730140898018
76,3878.7245693041164,39160.8719195934,37150.44088358569,1360.4489806083022
60,9015.912449158357,38163.95733377561,21274.186069815765,1137.1034226258996
88,1526.4614748442834,55687.42831665863,28493.825551480506,1300.9748861136338
39,2655.419532840313,65958.88845048528,20784.73048057557,679.4882092726723
38,4225.671386190083,53586.437611606234,20675.50865052542,785.0337929045636
4,4717.932011294634,68149.04252225024,34036.57661461941,337.0296445648827
68,9441.566716474015,53582.2678196598,26410.710710011288,1076.201620351066
93,3133.8517258948013,52323.971244304936,38039.422415054185,1405.2092961726391
67,3742.500968235217,36965.061679920385,26631.01344512266,1261.529918694988
74,8204.968651843885,64861.035640191185,47696.47174749519,1093.4542155813544
66,6216.361175356566,68697.35284914657,44269.318528260425,974.7526212165326
20,1699.8963642767544,55683.19255624652,47232.592672658124,676.3663706341254
17,4666.898659157716,34873.12085179834,37089.243982408145,809.2020301334524
9,9144.148804017586,48945.171000277434,40327.89705126071,575.8112371309198
14,8476.590011198841,55917.876562837846,30280.85802538407,529.2808583917795
26,3006.685937518583,44732.899286225394,32396.161596095866,794.8260622384408
81,5645.230595814327,59586.148101336614,31824.47700667956,1181.3857970276008
50,9619.465821614831,36386.05669171445,49108.889031780156,1135.368771070122
50,7000.105296426978,55035.59656892754,38516.352858692524,930.1925664046671
85,4503.0859748448665,45992.85248636021,39233.23713501266,1385.2557566672115
53,4295.182609140306,61928.35042578669,35551.609370441474,895.8954108077561
65,4256.995331510235,36911.755617599236,29400.550460124927,1247.7991185468313
27,9275.489656261938,61907.69452808415,44564.96446259583,638.2404998256363
98,4996.829855242522,44047.707139162056,34161.57693615726,1517.0235101406388
35,4387.706809636684,44410.95670162848,21266.9476107639,847.7527417678235
3,8117.961436624359,49150.68295526582,20440.260932079163,459.2241460604575
89,9107.283933256149,52629.13352893866,26646.90630710267,1298.1129639656406
15,3955.7512455237566,52453.24285838992,43459.13682924563,636.066225676219
71,8573.068652899434,61817.00038425675,40260.026336513154,1069.7447319024748
68,6335.775293908472,47440.78944223354,34916.01436682904,1178.6612722086095
32,9212.934126103239,30667.83830625779,27655.13696751035,950.2223572094368
7,6258.284033372808,52492.80123385978,34429.37126228495,517.068681281393
66,9599.563669985922,52092.35446074223,30693.320452109787,1083.1585983989773
55,4329.147465745042,42723.573182432185,32663.554149685864,1099.1091932960103
27,7701.764431752695,37024.78339337353,43311.40127740683,891.1775477397217
10,9066.376350870496,36181.4500833296,40039.5613839851,712.9723015643068
43,7977.722022389889,48412.50722840387,31975.89374942587,901.9139988522895
16,5511.7832498295,36936.01996157562,33682.860024496375,764.1294642085854
94,4006.208094204178,56930.39675577193,25181.19776863214,1326.2085852771563
12,5620.4496596193585,66913.90500164163,44615.73342103716,456.60590194859844
72,5554.961287160887,44695.570379668454,49876.612131726375,1294.8993261626902
7,1947.623436131959,65502.37596871341,34548.89953363505,408.8848217331113
53,3490.813775158164,52483.001580267286,42596.01479297812,1015.5039597004707
29,7219.665088502671,61125.526752238424,45801.780915968135,680.0517497830067
36,2995.244595230197,60319.42870398969,20043.048011264673,701.9586340177461
18,8348.979158222748,40927.48969699637,41278.772058348855,752.8165234139691
2,4779.656911237287,41489.94992276406,31365.902344474736,575.2999232495971
27,3669.652421264689,37141.09089297878,36612.546078914835,890.0784672006332
18,7863.096953012026,54268.446846201696,41403.651924182996,622.211002545472
4,7625.086078473366,59842.629152922746,32747.303614965327,401.69018892330166
24,5894.3078280394,60337.12253867112,27701.793710874066,590.2626166057141
17,8235.50871985961,59094.43367053449,47854.631261274844,581.4420134791815
85,3193.700317650258,66768.33803999977,41120.17105874578,1189.7086311879884
19,5820.915289882511,64408.58614003097,28111.265171920102,501.14335766603784
62,6493.299442608398,34858.21333143362,30141.49327136647,1229.3758492867212
61,8353.444429374742,54202.55871035597,46080.18570576583,1064.447747866864
31,7028.0571698088415,64451.29364391178,41763.64876028183,655.6377239926835
78,8373.490427606797,57509.50667221652,32167.16224858691,1159.5389678855615
56,1012.500083473548,39000.81085304994,32186.41733852931,1161.4886430677207
23,1842.8939353147543,30612.133644711328,44960.55496818232,949.5458587808599
80,1194.8675386129794,62317.87624413445,46826.991732717055,1211.3278750637419
42,1647.137219795957,66495.26811302459,47992.44259437418,790.7889605538968
85,3271.488894680414,55396.60064855376,33026.685545995366,1278.7566056790465
84,6267.870063271385,37974.9478253091,30112.3892203926,1419.2483390917298
28,3289.5718702983745,33941.24249217596,45636.760835622525,961.0499982336162
8,2012.6763270460065,33795.813324353716,27127.79297257972,713.3618640389719
57,2629.0573156488617,64356.569510928806,45732.33285011492,950.4860168628123
94,3652.971604336523,36873.984755284546,27811.801520516645,1536.4306989870217
16,5847.4620344405275,66176.73625859179,44125.26707551324,501.3711284684192
95,8105.029870440396,48887.88705707589,30851.493280084927,1413.150459917294
98,2536.6822062232704,42324.319444603454,20947.560815122124,1506.9160769682155
39,4084.4949772661666,41147.49934180436,29207.62423492578,945.725404400403
84,1281.630581030724,46493.18079617829,43340.26859275362,1398.6808449113244
10,1732.3467641033958,39751.23098909922,26874.249400850927,674.4487044910437
11,9917.78985008522,45111.302013531145,23966.32102084322,581.1969936767921
33,5257.721448673749,67382.98025768276,35734.99942339035,637.0865884499747
27,2089.3222225619065,38685.27066973418,43750.782166033896,903.9530286879505
93,8692.596597632431,44565.70890836798,28305.253866729203,1425.7956895283455
95,4824.407713749825,64849.83849604938,36159.15166630209,1285.8570314696633
98,5482.991410092977,40778.66954309585,48525.96824400882,1590.376252250603
56,9068.69143472128,49817.68843269003,38536.4353513712,1032.088964553607
9,8874.989985111499,42959.049964647944,46705.67064013885,656.1515623483796
8,8822.195450672842,35352.63866326716,46076.70654157917,720.5927557387017
58,3586.7937014585127,51460.40377882436,40474.456974568864,1068.8853646281705
64,8603.309065928908,35581.986962017494,27509.073096663185,1223.6908043401702
49,9558.100749915398,47463.72321429552,33949.36332231323,969.4203540744074
79,5684.72638340421,30994.398080505223,39656.36329822315,1470.601477172596
84,7285.749295469371,62808.695658907935,31085.743572649222,1168.7415276515217
50,3930.2315592003247,38817.32093289138,26692.839202467654,1072.2541504824876
17,2725.929117798485,43984.273603635265,30216.59168976195,707.1773934439408
75,5527.394833569022,46657.01806380029,30052.80701217134,1245.9512662306659
11,6584.807302969173,59219.50252649578,24840.222335541483,459.4016052268207
73,4543.2066552493625,43391.44605001436,31060.870438551407,1266.5521175392637
53,4855.554078403596,56299.97783267686,23329.06714094285,912.7096527040419
58,2861.598791871833,57427.972205115795,21229.462471468076,955.1006714038871
62,7614.129924171416,66622.08295613556,43050.70192458941,944.8606265915555
66,6861.48412911548,40729.14092017206,47275.90617912944,1260.2288886900903
32,9754.838832701487,55230.18893923893,34255.47298219999,721.6903353907032
66,5333.143349061226,66275.20480916738,43647.93226222765,1001.526031949703
69,4351.9604256365365,59181.35188287065,47531.78981049085,1119.0220484745835
93,1602.7693918262817,63659.98412485575,42388.683587742795,1312.5523625555395
43,7336.415037569027,46845.70998177836,34723.19285434777,929.0304035574145
81,9356.217057688546,56769.221670524086,20761.961507823202,1157.8125825297861
11,8833.47495923626,54883.42121504627,20913.346988234724,479.73845401806017
38,7399.248037079447,62958.98371458335,35556.792365264446,720.0842997645626
12,6114.038254691362,41674.56890082682,45334.445965087754,708.6874576135383
11,7416.895351780727,30327.19264426955,33797.61572382537,771.0364439698769
62,9158.330835819255,53499.418199492226,33888.091329498384,1040.8784378144767
46,5696.603917649974,61236.91880150091,33711.499195206794,820.2822899823614
42,7984.107759759271,34259.34769923624,40097.263887629175,1057.7777758717289
57,6858.592469151743,60718.84869101008,47773.74100613884,971.839773762557
6,4865.629810596376,30218.668520181585,40579.01571703053,755.2222128962939
5,4822.340229031522,65378.266910920305,29610.734917645004,360.93783449857426
48,3369.2630110332916,30752.386623319122,24656.08832598869,1129.5980836896083
89,8438.085725681623,36194.58844557886,25679.828720708392,1462.9031730779284
14,3238.057864167456,54180.83723106391,39009.70508090772,599.0304536112467
87,8544.00533102869,32512.817345943313,27861.335130571395,1485.7358052771374
41,7580.55020987787,61045.136214193975,25462.827164616567,738.0343683025206
75,1357.0655710188303,60751.57127219328,42536.835468696845,1163.3094658290636
33,1533.9740213039818,54406.60330672418,48762.85657507971,824.5526665514774
87,1954.1276857847733,64780.44748591515,48045.587435842834,1256.561649019453
90,5185.393448834067,52697.87667776534,38937.86980786604,1363.9078754017744
57,3958.525355852441,69007.11517056434,20353.60568543071,821.1970385713864
67,2392.506615319271,35597.82436305332,33298.41516682509,1301.9544687933458
53,7551.972424042208,41566.84841697484,25722.426002684955,1053.7389317180955
39,4383.261423819236,32049.073369513873,34792.37353990071,1051.970079805467
19,4171.968674850397,36310.55169605428,34237.137513776965,808.746052206536
57,2597.735349036597,45465.9549890178,41279.84298284937,1126.191302313187
72,1163.7510826471046,62238.99834023898,26447.15306719845,1071.13272038597
22,9854.596107380023,49295.56658264046,37417.57335783175,690.0240737101906
38,5426.871945886599,64977.617280081555,23391.738573795148,673.2646831911369
79,8942.916065257275,69769.94117036594,37812.593987540895,1061.0237899326771
35,8783.941707151454,35176.998405674894,36423.754018410895,963.5815694627264
88,6491.133729507144,66560.58197291943,28589.11127066167,1167.705845435255
49,5155.1505371387275,51122.623923718056,42949.71553439785,981.8471546803194
40,6763.8084553912195,30453.83667981938,39097.400328567426,1078.9347919105526
89,4029.0592900103848,47079.67735758374,25591.546685108515,1375.832570029436
6,8323.185738556902,31744.913544903524,41016.38552407872,723.9840924304164
27,3865.7750412818664,50993.79484503962,20019.75371258521,700.7924374809501
99,4025.3975115180106,34599.23193361684,43559.597548640275,1654.5594857521623
27,4642.397654915125,60456.63583289976,33808.16781335118,643.6461568364804
41,7132.175252652151,51286.899331217166,34052.77888831519,863.6284670895132
30,1849.1426922419246,55997.255814279124,30480.19648716166,722.2223178574841
99,2310.6419663227507,43946.21036582278,20594.701559995716,1500.7687911901457
21,7143.024776792791,52096.339167231636,35103.18694981833,658.6310452931747
25,3837.073622631004,33252.837432111664,29934.38641873531,888.0894168219344
37,7350.494757787032,37988.17282215746,37712.469456102066,966.5032063577966
59,3563.4974432316985,64605.34646683443,45476.59475757058,962.5588323882089
28,8210.827394649012,33699.955944456044,31605.14180513293,896.7617289975933
62,8485.1829738226,33079.98595238698,30811.47007869378,1239.2086358430984
76,9528.055780784876,69944.37435452543,28823.91990567825,999.3877372678561
35,1464.8551479619105,68528.91780140721,39904.735027590636,677.1007513288903
28,1329.3896897056593,48509.41999129805,29827.546686091664,777.7414916967663
30,6781.879284355202,39526.15948491073,30982.38271463164,863.7761568730117
2,9098.602406071503,59940.20707077821,37226.248748804304,386.78366350827326
94,7475.144005070968,64191.67807500233,30820.242159110316,1253.1682257019527
95,6047.780252129993,54178.93242036183,30761.359822184357,1370.2558540022847
46,1701.4563007325758,65747.06048272719,40496.36175593811,815.5111989368795
50,2230.336727290589,37219.00519812946,23301.53070686017,1086.562856502833
74,8965.451706209771,44584.90528118519,24727.832201244637,1223.5071852608332
22,7214.965242729862,57361.36861723062,42316.306127393036,637.2604059962238
78,3337.3929000950952,47553.70919224428,43758.54081665924,1319.0515660270594
7,9654.119649367165,69470.1891768073,38088.16928593336,341.2920178428913
47,7283.850899637382,50015.5458441066,48535.6383496902,979.0322021098176
100,3480.4039432231225,51799.76815546022,37838.84344041215,1478.1168290505186
99,1946.8586406029701,56794.62691654608,29736.017459136485,1401.5274900089337
82,9277.5246815067,57849.948266163745,26319.129459658627,1174.070282309805
35,1654.185439729285,31658.94940681038,49268.23588488341,1072.9442863879
42,7674.059167758099,33145.74467038878,32466.845692141105,1047.5727945337449
83,9261.916578839851,69061.41618442205,22091.22007091849,1059.3499154743356
26,4964.318743778709,34529.20638544682,44663.14057927912,923.8757641644755
86,6175.98305808085,66685.34836709866,32165.84372403562,1158.764132210716
55,2028.186247434216,59217.657068574306,24207.51335854594,920.3050381527237
58,1085.5588852473707,53852.3497510313,47248.861243626714,1077.79529179433
4,2436.6660680390896,58369.972627742914,31906.157306133657,439.8354153007764
46,4132.975845536856,62469.88398462451,46777.526408612495,854.9688601519081
74,4593.639605096343,46951.65803834475,21323.062037780488,1211.4844077044122
17,8910.162958861994,46213.21177499745,28548.204672320877,648.9616814726783
27,7167.567049163447,60963.46147134398,42796.29377774903,652.9164313739901
6,3570.706547352525,43904.21070410119,23896.65263759977,574.7943181350247
54,8298.405573261141,33774.365263215346,44202.10458765706,1193.370633264512
30,8259.35060643169,63420.20443889853,23695.28253868815,595.5870501949207
34,1972.2990532525364,55739.67620420935,21571.048124722376,737.454887065811
34,5522.792075674162,46120.42681351066,24980.42619688082,826.123050077165
35,1161.4111053263578,49988.46084471299,48892.1841304515,890.9848884175929
36,4289.162875219339,69101.97090625428,25857.73067185418,625.1076685769231
7,7418.114860862122,41281.55871178373,38616.99242677611,635.9448158581804
43,7133.644658897594,43816.116209331056,34080.696535242634,958.4127042179293
77,2180.971594075078,41090.38926814987,44332.495078879205,1381.1887345847636
75,1041.5903981341303,68803.2407940632,40599.41915967708,1078.5578975477288
15,6526.3356740135405,51632.89997065495,36782.80627773687,611.3877407565934
36,6660.134054875872,30202.873899535865,32054.641469776718,1020.834515139592
14,5486.829593302844,40853.79903380029,25800.343228118327,681.4288913798378
52,5629.894103567228,40094.92843705571,20530.04863346371,1052.491391011998
38,2717.0778042082115,30068.070020666237,43290.22688167289,1095.6045914173153
80,6819.386893108591,60255.999625504526,39348.360929052506,1181.3881520665693
9,5770.239613122245,42395.13162934988,21576.072839523953,601.9257041594618
60,3612.5362604258917,30811.51678333394,41563.62063276983,1298.5130127628406
83,7573.1173924153345,33356.55613215529,25494.463629477315,1435.0522426048026
80,8537.911287543342,46369.6389309432,20066.665234600383,1253.8140499566525
33,1291.097507467845,37817.74649689046,24292.077927806044,918.2432812771743
39,5135.010241894908,43522.35740567882,24916.171538305654,903.8498893486542
74,8061.792126802404,66925.96207571098,31974.187286172222,1026.3539804673949
26,9134.85037631542,64985.9890466249,48912.70540075082,611.2039738544265
66,8025.280421305321,58254.14692563363,33574.39532468452,1038.0553146111906
11,8997.256645604779,57869.13374241328,48293.30560969871,531.2022961769394
11,9653.084408016717,68367.91242962876,27778.00912405581,361.3894810357962
57,4962.325669661941,64851.15206966475,28785.513553552853,883.0333916157012
60,7825.886846282733,63651.53730212545,29190.80695232608,911.9276136043102
74,6330.2461842875655,30584.370815610004,38469.215852402616,1417.9127084796698
95,5798.998289937296,69465.31759203732,28149.578238613325,1210.8005673457803
26,7673.155901734175,48791.23775130983,46410.82512010948,772.9543183385592
82,8428.420102313092,44995.937526006914,28175.760733658215,1312.42580642934
60,3404.961151741554,48062.57628407493,38747.11008109665,1118.5907616438328
55,8251.059360842879,52612.276354669084,25047.32937504694,957.7639277742355
16,1898.458967975385,37055.29329301687,37186.42841249422,791.514057467437
11,1051.3417190130585,64508.82030029456,45336.33882746309,495.6641048843783
41,3979.0214574701313,34217.15554917997,31013.548394136127,1040.973982403258
6,9183.248390248671,57682.707793700174,34859.28705659742,441.8345412815472
81,9487.06184372699,35655.94968584642,41402.413736418865,1430.2124351321575
7,6406.914010191615,48246.7302245265,26418.333797106483,534.7531290950963
22,2634.43264820494,62199.26829463735,22362.08577413723,551.9214111350135
96,6735.0733712899,53263.41378073562,34225.73052021922,1396.3676868968519
14,7896.712955647709,65664.72114639048,38633.26693951945,459.76902457641495
54,5096.245155077222,61356.629522322255,21207.163942763233,864.573970829681
95,4131.166812784817,66042.6156482214,28951.86703257584,1255.7736105515894
6,3739.609636023466,47937.84217713922,28019.98262410024,545.9834779207912
2,1387.9965451669623,38382.86880022299,47269.612831240986,671.0401677656582
52,3711.4930594497114,40070.83000183628,21426.59463444733,1065.0140185877306
4,1910.7773055020416,35105.24664172397,33840.33637354987,680.9146561758997
72,3394.4447652980743,45633.91501897288,46174.11873695269,1285.210982194639
14,7187.646030943663,54536.23670044269,26776.068931718288,539.0276096360096
85,4227.5038164494745,65670.29874106019,32576.364236505462,1169.8885862166671
13,4181.95348129706,65236.69611852585,44740.879473735906,490.945909829464
92,2590.130277169567,54633.53582671657,38795.97139840449,1377.1019045422
87,9319.328437313294,53498.430003047426,28947.744898037396,1275.2622924770715
61,5421.682814950117,51554.4322722607,20497.208586487894,1028.8388889621062
80,3710.8033625666244,34193.68905286801,30685.610081388222,1431.5659229026514
73,2567.5826266910144,56571.84531895978,47547.61169390447,1194.0864687586607
22,1901.9425247226725,58671.99674541669,44634.77387863107,657.674641558113
83,8847.883132264593,38519.995164215485,39453.20694937187,1418.9202535446377
62,8928.50841770207,44790.510527311126,32749.248889369683,1125.7000993064876
8,5973.2109101568985,41227.94193365283,44604.02079223388,671.6665884893888
45,5004.788294720886,68280.42995755651,32303.937612182937,739.0835717873792
5,8905.848026915346,66370.39884258731,46694.386419918636,381.849930699306
3,2025.8915442903408,45601.99160119852,48733.9906202207,610.0525981272252
33,6105.858561658646,30359.067321193925,27538.021566763255,978.4940986800574
49,1185.225758724238,42476.273062155095,38757.6714893374,1075.58415505284
97,9659.466603890722,50490.98954445911,38196.27451694556,1431.381595086792
2,2498.7485962156534,69167.86093852787,23648.328984669213,286.7726345876506
47,8247.571585524252,52792.851302559146,20981.640490454945,863.7785505181522
74,7668.760739387093,48594.25324108507,45499.50227243079,1252.2121707095062
85,9411.356026840624,57150.01935985213,33641.67806394719,1232.3680604591173
84,7925.568932270003,42491.45601011422,39637.925066353564,1394.3713704365682
13,7307.406137230777,37999.732719197666,39078.97167642812,730.7025571511538
55,1002.1700458132394,47291.39508192678,32828.26443406669,1070.5599922538663
52,9193.528213715426,32663.16284457144,21214.948935687906,1111.0455772927721
35,5795.434482204644,31982.665133299593,36886.197112464564,1011.8547675933745
21,4538.706964126165,52113.27389424097,35733.700785057576,673.3748285921321
47,2642.2963611822443,38692.34879565231,49126.34867758382,1117.244076270317
60,6004.444496426031,43421.57548734069,49371.80740109287,1183.8774448477413
70,2851.93622417529,60302.67299629657,27528.64753121094,1065.2995315097908
85,8950.163453369787,34350.90546854957,40294.397442571404,1482.6233203753693
91,1858.8861161110988,53557.78536075083,46609.60704217362,1404.956536938457
32,3577.0863286975027,63012.264703993,46710.29275645076,712.1227995859348
68,9243.453713259281,64930.35098102771,20686.560092096075,946.5389018997148
30,6358.892680417573,58647.19177331487,38035.437584662504,695.8399316187509
47,1525.7550564016565,58081.73173853208,33894.138610878144,883.2363231653053
76,1124.3832902278996,33760.932059350314,31129.57695121292,1410.1574938089962
11,7338.0289717406295,64260.806936710265,25582.979814262133,407.4507252169806
42,6053.568433278618,54436.53638801057,49153.96936843783,892.8287020588145
28,9723.154245601203,65726.3431003502,47460.99297010278,616.5037766788003
77,8023.111209135312,60162.493091729426,40231.29875004468,1148.9534092871631
12,4325.374402306126,39153.30946063229,29794.59245793549,696.2238107559529
97,5681.3919871331,30996.881101137864,39926.08837903901,1651.4024941900727
59,2182.2509532249874,63446.68191219341,28974.068475325323,931.5441315379169
22,7897.164096770684,45823.99145894175,39678.103290194624,741.308574797313
74,3540.4762595359202,55562.876035179834,45586.084215975534,1203.4271109984486
85,1721.3612819750847,30352.805342366748,49995.3325112682,1587.851137700262
83,8827.001498867523,33557.23576276772,46478.89639306137,1489.7293240571694
8,4762.864821162634,67007.82449867664,27919.59462247096,369.8662147748333
12,7817.955810897878,61832.56551974165,46343.40891182374,501.6147924835653
75,3328.8550529747636,47611.71795026221,23199.19739475624,1226.8361374167728
53,3972.271129556718,66258.94426512512,47982.823951808765,891.4976735563916
50,7611.5796633950995,48126.88381476711,45567.9713234763,1017.3771775057821
12,3754.002180454547,49940.78437276631,32710.339251619676,599.9531631249232
60,8660.079857115576,37508.122080118024,49342.705754962946,1229.6464971781306
48,8555.556287147581,69295.89126791133,38601.85800875434,760.0688799114117
10,5649.960018105785,37513.662008051295,34703.89870829568,700.7252759538452
92,3989.6762357003076,40336.95099461377,25000.9298517283,1471.6848984305457
67,8179.535730617626,47572.96682342044,21002.305838080712,1116.3795706269495
5,8506.764149520648,66088.52020550177,33185.05471252225,346.1361413349457
38,8692.82166758626,39087.96493661776,25931.49396315095,923.450724185344
33,2519.7302823005402,61087.36279627486,29046.567389423122,693.667422794018
85,2311.298231989896,67661.64963688259,41275.0366494772,1185.6521224196563
92,3191.1915907497014,56902.61581168891,36115.50820938303,1343.3644085575113
33,3577.1187793905165,41982.64442638151,36955.680145130355,903.1550022746235
10,9451.592094206166,42732.11865659068,38152.111122957824,639.8771863319358
88,4989.768214988824,46587.16210055333,24133.233050694234,1361.5792370716053
69,8377.68393794665,49966.3252188874,28180.137205943098,1132.9887397392222
98,9740.312413525702,51976.514884448836,36274.48913809413,1420.3567565021656
2,9177.645338500191,46521.01430101443,45445.08733618326,545.2368923059045
98,7484.863180013706,62946.795918989184,22794.346672757772,1281.490764928313
44,1512.093862811777,49859.67330917858,33577.41877648913,934.5750539236226
67,7626.014428928925,60518.51092798088,23146.200584146227,996.1234203279853
55,5320.4431841000205,65456.30369683289,26967.352864813256,849.7368057056107
8,8450.422367011517,58145.795201007364,29974.531718123402,446.213531309239
27,8214.599933915855,65380.50306298781,40595.49299751299,596.9084486930815
55,6552.533098641618,37344.254382003106,25835.38429685319,1121.3009435773206
19,4983.8591671613085,58252.65649422443,29456.8623514123,570.9247262761861
9,1959.772634364732,50280.046280238326,44387.031841805074,610.5617695512083
8,2816.582009681675,52402.36075976534,21147.52555224722,505.3360590106799
8,6592.803251842505,51607.520215721044,45647.983653728,567.904732544761
25,9904.743910557343,49209.70528558019,25558.18888246937,685.0537942388195
4,8728.490873157389,38858.70941812197,38660.59636822649,623.7522405576727
32,4062.5711306270546,32069.378840641795,29210.7665923258,966.6256557174241
75,8412.343054461551,33545.64530539425,35398.09533622096,1378.6761176824125
31,9971.418760172222,47186.35444421429,21366.290933786444,752.3782345583553
55,4228.311442661863,57554.497157655045,24315.613699206577,926.2603123077599
79,3828.6025923248512,42066.77382557106,34867.4382992407,1354.7915636803875
37,9632.63266202179,35749.7273876683,47392.845361533124,1006.5180988978074
31,9698.678766916453,59918.528246111986,33880.95871019349,663.9641998348783
35,7189.872673086677,30360.795198220854,45411.00613481735,1046.67570305681
72,9303.37525083893,53019.118734163756,20440.257875976018,1104.6127100320957
70,7906.960200448607,30229.653032549813,49523.422397754315,1406.7389358655216
44,7522.388228589357,33802.330646425384,22683.069252615864,1032.413960150647
100,6157.606231274189,40060.21652599585,43734.361115198786,1599.812886929267
55,5668.596263132883,34709.90729467237,39407.49941317214,1192.7804439771282
7,8082.473242917185,59487.8174415997,26386.20526580177,413.86807516682234
26,5806.00074002352,31686.79412111169,36484.334534492016,923.5550586922417
74,4550.313406766594,34015.31296227099,38305.54574797995,1392.011940587397
34,8348.534223345509,62806.14671499143,20541.94489029428,631.821696404241
51,7353.539224201682,38657.50158457466,23693.037050695428,1057.7363991853313
26,1124.5287361976877,66606.20103700095,22115.324977571283,554.6613208817159
58,7894.564711717461,49531.37509876247,46957.29317937195,1086.0853049919037
63,6603.348766205201,40028.33304707379,47226.8514678063,1238.3804801016552
20,7974.300462826474,69076.19305227866,38272.91313519354,484.1853065686617
80,7877.169802149623,49679.441442502735,40974.04852112787,1286.741882127608
62,1308.7684014755016,44615.7811883533,42976.82679484715,1196.228826493631
100,8814.755606214218,47530.83780506816,23970.318459206388,1452.5287992958665
90,6725.398184658944,37111.30664886323,31277.72593585223,1489.0931203956297
21,7533.919143371536,30777.905644172257,20184.313066374783,825.1042870405441
54,2503.6956934911395,52938.28050635978,38538.45588270351,1013.7140841170572
28,5908.072234734685,58751.49218917926,28348.760389759085,647.9909981038113
56,1929.2114837211423,56991.526133407955,30160.111842081664,970.9190167735596
41,9123.342070480685,61377.19994295685,37432.01827747179,762.9073450504434
85,6090.543330829581,42080.3657239563,24927.369234958278,1373.5257338111637
93,3747.6857781523545,32343.281294829263,20109.11881236172,1548.1561145980309
7,8998.118546450332,40828.98151953846,21639.66170751762,581.6385771949166
60,5481.958138144854,66768.67718706798,47354.35895492081,946.9665143033584
70,8077.995018070913,61736.687927095845,36151.34778292662,1050.697188987467
90,7849.255091842368,41414.574579537904,21763.886710888848,1411.8996388780756
41,8364.324768369654,64545.61827530063,47966.86048257485,766.62277485287
94,6216.193864837361,48238.958548534545,34276.914452376834,1429.3601885475985
35,6464.600023789818,42545.03974265184,28336.53764297571,877.2362153834597
93,4044.197591397332,38334.48146959347,39518.389127111695,1544.9893647284139
29,5301.590416236342,53618.615414514796,49669.32680165062,776.3138741786222
7,9493.144045990164,34239.761299423095,20113.668420592752,640.4776720375964
2,4341.262636588643,56078.2716158572,49613.839554476144,486.35248932191325
75,8983.666572699538,35409.233974787516,42385.057835444764,1378.1445008949615
28,8174.519878783776,61184.868377704945,26597.420932467576,607.0709796264345
83,3485.508808623336,49016.65985732111,35760.350489580596,1329.686908852414
90,4712.752834579242,32642.28338810799,40123.06398284198,1570.3825938945497
84,2526.621738022387,53860.8255172198,48764.61001739156,1335.0524661898648
46,9882.679257013871,42165.797107539474,40608.46229363769,1010.754019520449
73,8619.213463695978,52351.77111266144,20972.711322275136,1126.3043555217312
4,8536.902933814772,34470.01272417592,44780.63937095285,686.9572762020255
71,4104.811589448434,40605.54571313455,20918.58801131442,1246.1762489553555
9,9747.550614952246,40204.3219877792,32853.83448603164,637.7805305055417
41,7897.468639358013,43750.68535339943,25227.003222862782,908.686812937804
49,7010.0321602897175,33248.7184412792,47005.11387484489,1163.477996410294
1,6346.7975102419305,57390.218897215396,21737.290069445695,369.5756936849734
84,9999.620495057838,56241.05832417021,37960.71011796282,1241.473444636897
68,3443.367138901219,51914.641938565255,21207.271012237008,1107.2585579565525
16,7282.469085371028,43017.06209161091,24165.79422205095,665.9144163231886
99,8571.743469128302,69791.04767491747,29948.393055168985,1239.0759850706909
68,9135.649046288669,33581.72632322289,27792.712157811162,1281.8826280097612
5,8166.838951709088,60132.305065977474,49191.702705554475,455.41786269834324
44,1481.83238919001,43959.267906328976,38876.237045246235,1009.6268701264989
57,1035.8241021774445,31031.342758728104,38764.055041320564,1270.7996170257934
87,6988.3965545273495,53188.48877927926,38898.71318083613,1319.8692689770792
58,7134.05764174816,44233.803924942426,25040.081361012813,1077.1119166248734
35,5569.360385422452,53172.92874574538,41948.903440936614,816.2706209382437
21,4638.250915656743,64995.54793053268,20091.245868560436,497.1270037220709
10,4729.565905368405,36791.38583606586,39122.08984339114,725.8045816426728
70,2053.6738382082085,35035.32654059888,41015.722317024396,1362.4255323540433
64,7033.879344925186,33374.61965015525,35385.93335999737,1277.2422068538135
85,4634.567114669009,37556.13194928673,32519.200305179842,1448.823445849327
54,1782.4534783747295,46796.643461606975,33378.539751641285,1063.2569172469803
12,2054.324291353815,63608.56751204127,37579.24584460869,486.38044095664435
2,9337.45561327219,45332.17845123145,45781.9862177264,557.3368960745038
25,1490.4021732444417,51651.490378349925,21380.526533755416,690.1746649515447
92,8169.69556393908,37145.6172203477,24756.99862821612,1481.966345861476
37,1487.0071093504353,40096.20993884174,28556.726284837066,947.2730439193415
72,4057.7661827268525,62078.88509479113,40240.936956086516,1099.645129006714
92,7130.068782455826,38340.741583062714,30215.04050043846,1491.587361758409
70,9834.289515138424,61672.68841747336,36479.52561764138,1043.5402451024984
76,3021.637687811653,68539.32872669204,24988.529731832026,1034.4641134895173
8,5257.653012969573,50236.015061986036,43500.533555930815,581.8531849830842
25,5854.514264696587,51266.34013109315,37038.588603733835,719.1797931767871
14,7555.823860992003,57729.421470325964,44105.39979221099,557.2428653684134
71,8908.613529572383,47073.27777216294,31385.14091880553,1188.8795773869251
100,8302.638844031157,50202.40879226897,44386.619045953936,1489.6225749950163
31,9504.927692540341,58976.84708670466,40109.54140779471,693.0355148936359
43,3958.728676351401,39039.30501248129,28668.417354468424,1005.8185585568355
36,2662.085563974947,34167.10739804952,23012.69744799295,974.0565905436088
34,9299.820677555417,35981.556218686696,30537.21918423818,925.2969919780705
3,6922.91273607891,42463.62612642651,42587.50513947118,598.5116904737538
100,2049.746242596776,34734.250127637875,45190.46618265069,1677.9801660585895
18,3860.514326590072,64050.182651087904,23784.44735318523,491.5489439157264
15,7377.9765965152665,57533.20603202138,25957.226455026863,515.6497360622905
95,6486.470914950903,37414.742055264534,42427.99636838341,1570.7042139777504
29,4191.433149628394,35904.925129648065,23670.25400942495,881.0043449836522
23,9064.553528687933,38407.09761607138,30734.94166639647,792.811081195036
30,2364.3983602967573,61082.799043535335,37171.67547100939,688.865044176191
52,4450.26190467882,32059.322417328436,42130.189786907635,1203.5460356640442
100,6174.474830519483,33435.636636993266,41344.02835724341,1658.8033445492003
29,6237.60888646547,47449.20469689193,21836.631697407232,749.8298036909749
47,7262.768262162203,61111.346805666726,46145.70367263199,861.0098016504176
34,5819.635315083986,60307.26473982515,36899.92471702385,718.5289501774
16,3107.799615724506,40957.98377146138,20830.204408754646,697.3717774330274
32,5827.67501965906,45819.82964835198,23749.86809331507,803.9129326981301
45,9187.235651329032,66347.44449594585,31067.497689611853,733.7918698527318
9,6749.603848131628,59490.21034617435,36476.73585864551,470.78008487353486
89,6477.848460692119,41504.74740291731,24037.02847991056,1414.6743691070978
90,6104.553693526325,62889.31987569018,27932.70352160594,1224.3821433402845
36,2939.793968124917,60554.5918289769,43383.93019748285,769.9069024620549
25,7721.4767841389175,45228.924626368105,47698.930905990055,802.2001625335945
80,6473.687472327807,43973.84106900177,36716.86362477906,1338.0437428226805
91,3656.0529882090736,44885.697620790204,24777.92724550687,1417.1965405875733
62,1899.948621966696,33926.12895267924,45264.111265218366,1307.0313011590295
5,1317.5214889955607,67022.06405515637,33889.8783138236,374.8613869449292
55,8469.070896877045,49516.01558395172,29230.91318634819,1000.187229235142
5,9476.547946996925,37736.05161893235,24604.395724478367,599.069931249127
11,4211.682156015786,39621.10085598649,39338.02641679952,710.7446599104547
17,6464.32904808099,39287.80050817218,34411.31746266476,748.0343020658676
6,1009.6543497383927,44479.504145542574,48286.418195394624,655.0159413820662
97,5132.224201256029,32417.515720657,32284.579443710645,1617.0174601182819
92,1455.9980251244126,37525.360429638255,41801.15799053956,1562.869879549614
39,5840.107478435583,63513.45439339516,21513.49656174498,690.2054083591054
37,8696.235001574769,33339.37395523191,46855.16574378962,1033.690582671176
97,3722.0252181593332,69357.02246495639,22251.19234613893,1224.5732262980562
11,3054.609823863947,53182.11860486243,33603.36279547637,563.7158532184851
55,5342.239757473001,66081.516683873,22209.88310279297,829.103283682284
84,5294.155120048836,41291.15122173762,24008.5678136514,1372.6434156233338
26,2088.2646763634357,36381.489637118284,35522.15853647745,892.3102558564323
34,6318.7014729576895,42676.87158543844,27318.589823534585,863.5935462514309
27,7227.972253669979,66788.46652659883,46022.95690402795,604.0443441777455
96,2157.6854620712247,37898.57925828304,47718.0903940811,1613.3800512890568
13,7216.2101965114025,65084.395822188126,43186.17035537905,472.63350186169885
81,6273.059073127632,44001.13266385815,45742.42986474701,1375.8506675900214
18,6110.005315330009,43287.31749628955,37900.17576247551,730.277325747881
84,3853.2404782323697,68664.63550697223,38298.962658420365,1148.9843305143768
23,1052.9203571074395,35159.286892918215,48805.80012126904,919.5599296490877
25,7615.599034975387,68947.60898474511,25816.169195620772,499.89442256453435
27,2363.981975709479,53793.98811176451,21570.145167418268,684.9506445060623
12,4715.294232240602,32462.4597342865,35956.23697512466,779.667642421306
52,9462.861709539005,49337.23392587998,21666.213645454274,944.311993129868
77,1512.408844322251,36755.439784480885,29471.42899683796,1383.2978449240936
38,1507.3006279682795,52902.89818910898,28276.542446926815,828.2641423098493
26,5019.199731113839,35023.78698228127,21786.83035157281,850.0266225763364
30,9565.078593897588,47861.561188097214,36693.10775739729,783.6383184217318
39,8429.228606899826,47347.309863666575,23158.805866549366,843.8571759284832
92,2466.0393183086553,62591.75886887766,46944.51608606642,1322.5857629778793
30,9399.433419274477,58644.10245457216,38444.40069970398,681.8950104570181
19,2078.184901816384,56483.41065009976,42787.76418630004,643.1382615488205
49,4760.508928986626,34174.62348009498,26571.25700409553,1104.1649915664036
89,2084.8339335346595,38657.829386096884,27495.677630134116,1475.4845693617601
4,8658.098378659892,67614.6093347866,49572.40541411693,369.2806310011854
60,2699.097742631191,36108.96436610416,22661.347294630927,1193.3989095096952
93,3286.565974797913,46295.90324802882,24505.971649635972,1424.1260525946302
89,2605.4286536837917,33848.89999855233,39413.93645241535,1556.7256661033036
20,8627.261947571693,65589.2288703126,29989.888604621156,490.94106737287905
36,3165.563549674571,66052.95611452061,26401.148389149545,662.8460662738697
19,7721.090456228393,44968.09531463111,40075.94653295412,721.9414341714094
93,3077.2231545412865,65826.42380172378,33446.03569843112,1256.687753305349
4,2933.468859084911,60782.71791276058,26558.762614678264,397.1817644210045
67,9046.253008583213,53750.37751784978,28307.014115463295,1072.186002124976
20,6229.456059060621,53829.50942619913,21989.118890924954,596.5249821154804
41,2759.3387451767067,45334.73373889079,24518.222768520794,916.4106371907708
100,6636.142684038514,50573.1300861668,36625.87410241425,1470.9656080253822
92,9260.876052214724,59230.95079474504,45956.81490029472,1319.2565564923598
33,1323.6488047215587,69778.46451286174,29536.81289093656,614.2075495205845
22,5478.573612194042,66239.01390468837,37060.25166155498,541.3977478768111
22,9106.430150594395,30480.8406366775,23702.984287656574,840.7683957432228
46,5087.550086218676,69045.22399331022,26784.607102793838,724.4638309441857
23,3048.2365195901916,61812.42706187219,25495.42549083856,573.1208232558428
85,8873.188918897747,33688.56675677033,37267.66054187874,1480.5513694634442
96,8567.016945696894,40417.585764923795,37652.76364276053,1525.9473485505591
65,2258.52196101758,57075.516383528404,47181.17356540649,1109.4957470558475
64,6469.547295292959,45006.57122250368,22720.473831911306,1125.7479727942323
9,6672.687929396302,32652.612544800137,23395.798446077457,700.2978302432495
83,8062.433539240797,53401.75551004908,45841.04081086529,1293.1933996359012
41,8005.7627710298375,35720.662593338304,48036.38252761807,1056.873707794322
98,9396.27584132275,60568.27284581572,27352.14230294159,1309.3923192440536
15,4298.456959351526,44927.74747231371,48921.36488121087,725.994335123738
100,2398.912047092085,68558.25753621382,44149.424450461986,1334.8711377537875
81,2032.0060905525916,38292.241042835914,26863.995989744493,1397.5095470881113
44,6958.182644153781,45736.40918273067,43909.88978572164,979.5746643090893
79,3915.820157095523,69981.6154605527,46083.73716596662,1108.8559561068953
95,5556.0578662271455,46712.154083386355,30120.93754718392,1445.4609824765525
80,2041.0454640632545,64075.02719961181,30174.584507965898,1139.5682542074635
45,6405.775390553958,68030.4929543584,42745.792026927054,765.9035695844275
20,3379.7888572435936,64889.264101978064,30199.02998531883,524.8055046499578
94,9240.617445083188,53441.69544911149,38638.68628872204,1375.2960171496354
71,8290.287220770424,49859.73206593255,24526.555502556235,1143.530909744491
34,7716.816394836172,35726.627257600856,34781.0401061686,948.4927657683164
48,3494.2601529392346,49201.76295418985,29464.999183606495,958.9060672442247
72,8435.206201648049,45105.06480870031,27998.129139669014,1210.7677083237638
16,9972.212593990289,62286.83488665901,35673.705981151266,494.2917061069123
32,7719.3280521754605,39424.8353908362,48375.52539105261,932.2815820039184
37,9166.923953323954,48716.560200992244,23980.48480417161,808.9412326359726
45,2180.2038907966817,62181.38860783097,29761.291983456693,806.5689704180768
64,9697.980043517746,32135.361138313347,26022.46507942902,1248.2238836375648
59,4185.993163623467,66762.8824869023,39996.00154972974,921.4292139620488
15,1025.3817472860253,45791.16615620388,23498.576279167886,657.4571585390348
68,9522.148777739782,44408.34612403951,39191.31114091884,1205.8797282936625
100,7408.974923707741,33911.10870353115,27987.65241712471,1607.8069955975238
18,2910.9476727084425,66143.02638818658,28358.089540864406,489.08926637718525
2,7983.058348771543,68095.27207487333,23805.87312083505,270.54960686991416
92,8831.683968616519,30513.810017514348,22857.467867183812,1539.2758835833254
57,6067.832634181502,36919.742647539635,28789.60697401799,1156.83223127575
1,7398.701304664543,57262.84577526341,22430.460265394715,367.6694165202273
85,8370.52003307498,48471.636816346836,25324.04843857743,1299.4031769868889
43,7934.410790037558,48166.374203406456,31418.09735984081,902.91849609527
55,7389.242393013278,49358.34512800102,32265.848768780226,1016.2678830612641
98,2505.4106733015024,33249.20353374265,48302.624998459825,1679.8887862914455
90,5017.971344027808,69704.61746771043,42107.8336002004,1204.1874694033577
61,9242.911259604754,65716.65533115172,41781.271338774626,931.9627044067829
76,5897.645543652522,47999.465382546274,32993.02478822324,1249.4961928209443
96,8431.534299173347,62632.58411317883,25400.498677886437,1267.7179834060044
35,3096.7401214901242,60983.36398212923,47154.94400124384,766.1474915749886
1,7082.296711006686,32804.79507479491,46042.4332270078,684.6678653780408
84,8938.324034170719,65551.88461976979,41939.748454188564,1165.6087789940143
97,2046.0455029543054,65185.186527229125,25961.52386022226,1285.802478793604
13,2599.2360349544006,49722.91558428712,30128.82976441677,610.161153275607
5,3406.5738738936243,39484.99640325969,45814.439088338506,675.5604838629505
79,5909.572487750301,48397.59255192424,23747.993981982425,1247.7201939879535
4,2974.5142747552027,67917.80233173858,37637.742120391034,358.8626316700112
3,6763.593681842746,35471.80444261583,20111.3177221099,601.7979403309577
80,4122.959368595111,65462.74963339088,29334.038187593887,1112.7598213858973
71,7219.437642905183,47510.09641074165,35203.94974375157,1204.4136969093122
25,8904.008835076951,57642.120510279485,34142.05345837414,631.4849110969428
85,5575.097746450395,47327.03278091087,21356.373239136607,1312.923303176049
70,8627.392765360648,55159.1899285617,41498.239067217524,1129.7658540892326
28,4125.979291300572,30121.429209220958,27202.119237760875,939.7621691645702
1,1912.8835978129018,58306.38124734114,49382.72251751792,465.51993709007786
79,7780.379694284704,34867.77589462935,44175.1076068237,1434.945665402754
62,2811.571510830967,56683.802311861284,42821.55310802143,1067.5687786512965
64,6743.658722067482,42898.67834769222,46709.424347070264,1217.423195953951
71,1975.8333656502684,35401.48058067184,41076.76089454413,1369.3363100486627
13,1519.6459039495521,36424.60694585954,38076.52724176487,772.3852827469514
77,9838.362210409154,46170.896495846195,47082.242167399585,1300.345950491691
40,1768.1131235569273,67208.41401538903,36144.89795742621,727.5099881006037
3,6282.125777961993,42088.00667188969,48704.8618584285,623.8238899665787
73,5305.132149484297,37276.106338012105,32978.797767727505,1329.64966917564
29,4817.710649594628,53165.4124023285,23426.867428288242,704.5379250136066
57,3019.0898003045786,34689.87684428117,33750.1167578894,1209.2561328293336
51,1157.7350603648692,57354.426214017585,49657.62564283007,979.6399394864901
23,8658.781538978277,64676.13440353281,25453.672203075086,516.3057648790057
43,8058.17205007083,57615.42931288117,37030.77071245684,824.6471587582047
29,2421.3288857178186,52928.45706396749,31543.655453028623,743.2397512908218
51,7990.207269874653,66529.53753744999,47278.13609070887,846.5879965482536
11,3999.1166903360336,56588.78060705421,46920.865114358676,564.8792058208537
81,2609.909068206546,33169.10455707609,31893.841077379555,1460.9409323203452
56,9162.643957563798,32916.840166299946,38422.33509244051,1200.285383826503
79,8215.815334086452,47683.219100978786,40699.01299388704,1294.185771301441
34,4495.936973631899,50614.993132577394,44582.20721835193,845.1170054611225
42,8130.96031972324,54037.661743647725,30112.38806059947,829.305745146705
100,8280.636430719667,39358.82407543181,41197.798601882314,1588.6019728977303
7,1237.8562866994885,49439.13670007642,38046.442164009786,583.5586780577678
11,7055.104647462817,68995.59371329077,44147.93042222249,417.2123308964456
71,6640.4814100551075,44492.11218423498,40712.72516687558,1254.0146466080014
60,4985.011431131894,68548.31774465597,43775.07273579588,920.9169836051685
79,2755.8305086003356,35460.0450329958,40855.01602707582,1444.1854452082678
51,6897.095176284147,44113.56434409265,20145.623133383626,994.8157500778035
43,7732.529416623185,50678.96165948447,37396.64473591997,896.7376705297993
55,4389.1718647466005,57900.44235256301,42913.098026161744,977.7890112291221
21,3420.153753078127,61782.70149990685,48486.82271281179,620.532684373976
52,2996.4776654498874,35815.17162508522,31022.948993572056,1139.9347424026146
83,7111.154823971784,65626.40936012488,21436.923677647064,1102.4909033118336
64,3830.296069637345,36787.08811571687,48742.62011437625,1299.2054988377733
73,8269.954785506157,58266.6820383945,47178.86910293899,1147.5200129973412
47,4439.216088116882,66213.86354438023,25120.873274915124,761.0279039403586
75,9980.558936358988,30312.7205330549,32123.69001484815,1393.3410700322004
34,8519.051521972971,56679.724501742894,35827.38679660673,738.0896577625264
55,1104.4557842426746,68565.71914775785,22468.220842518644,826.225192128764
34,9223.801084599543,43605.79961116608,47704.18144173508,900.9355427905466
16,1616.1884637550147,69341.43506510922,49583.55010088268,507.2553573327808
79,5113.997965177076,61899.58711795571,33493.96209896067,1145.9160252914396
51,6768.994936088434,43263.08030389161,46302.934537414694,1082.4330258928858
65,4360.434270633446,60536.250984828526,40569.40532109006,1044.5435347618177
83,8316.963080607278,40064.5758246399,23391.405314342283,1357.9436422935914
54,8114.182415131933,43490.8766285981,39725.61401859713,1083.6971636941507
56,7761.888663212282,54155.920331978516,42974.50619665914,1008.5548719541309
